scale,n_students,n_items,kr20_cronbach_alpha,ci_low,ci_high,bootstrap_reps
Overall examination,50,100,0.8940141874916476,0.8469053623030294,0.9205607486049064,3000
Human block,50,50,0.8276913457187292,0.7114522204829411,0.8867006963973075,3000
UroEMAS block,50,50,0.8068838880109432,0.706742180461308,0.8607262489889601,3000
