workflow,estimate,low,high,sensitivity
Human,1292.3,1033.84,1550.76,±20%
MAS,38.89292166548822,31.114337332390576,46.67150599858586,±20%
