Scenario,minutes_per_nondefective
MAS -20%,0.7657518584397164
Observed MAS,0.9571898230496454
MAS +20%,1.1486277876595745
