source,n_targets,n_raters,ms_target,ms_rater,ms_error,icc_2_1,icc_2_k,icc_c_1,icc_c_k,icc_2_1_ci_low,icc_2_1_ci_high,icc_2_k_ci_low,icc_2_k_ci_high,icc_c_1_ci_low,icc_c_1_ci_high,icc_c_k_ci_low,icc_c_k_ci_high,ci_method,icc_model,target_alignment,score_column
Human,50,3,0.12841608477039218,1.857139256458673,0.06795931226933229,0.1626557170822213,0.3681905540597016,0.22871295509805564,0.4707881618502584,0.07875836094257577,0.3823763557873898,0.20412239263612864,0.6500225545934304,0.10517711506209228,0.6264933693402502,0.2606933873091145,0.8342170879397548,"item bootstrap, 3000 replicates","two-way random-effects absolute-agreement ICC; ICC(2,k) is average-measure inter-rater reliability across three experts",source-specific expert worksheet rows,quality_score_5
MAS,50,3,0.03177449429677358,1.1304473850031176,0.008191299203992362,0.20419684134576319,0.43495688142152955,0.4897138462524131,0.7422052062422873,0.14190277056538936,0.2606463180689008,0.33159874083805396,0.513996409356117,0.38126595571875155,0.5902089173260373,0.648951579105506,0.8120584613226026,"item bootstrap, 3000 replicates","two-way random-effects absolute-agreement ICC; ICC(2,k) is average-measure inter-rater reliability across three experts",source-specific expert worksheet rows,quality_score_5
