cognitive_level,cognitive_level_label,metric,n_mas,n_human,diff,ci_low,ci_high,ni_margin
记忆,Knowledge,QGval,10,10,0.0857142857142863,0.02668618739956618,0.1447423840290064,-0.3
记忆,Knowledge,ULM,10,10,0.0999999999999992,0.006134386742278994,0.1938656132577194,-0.25
理解,Comprehension,QGval,17,17,0.01680672268907557,-0.003735332550602856,0.037348777928754,-0.3
理解,Comprehension,ULM,17,17,0.050245098039216174,-0.03426687765213694,0.13475707373056928,-0.25
应用,Application,QGval,25,25,0.03809523809523707,-0.04311935989985699,0.11930983609033113,-0.3
应用,Application,ULM,25,25,0.10000000000000053,0.02733635628010457,0.1726636437198965,-0.25
分析,Analysis,QGval,18,18,-0.03703703703703631,-0.08616277612361067,0.01208870204953804,-0.3
分析,Analysis,ULM,18,18,-0.03935185185185297,-0.09454627539765961,0.01584257169395368,-0.25
