source,n_targets,n_raters,ms_target,ms_rater,ms_error,icc_2_1,icc_2_k,icc_c_1,icc_c_k,icc_2_1_ci_low,icc_2_1_ci_high,icc_2_k_ci_low,icc_2_k_ci_high,icc_c_1_ci_low,icc_c_1_ci_high,icc_c_k_ci_low,icc_c_k_ci_high,ci_method,icc_model,target_alignment,score_column
Human,50,3,0.06821650399290155,1.2829111531190445,0.016987770533545277,0.2875636672325933,0.5476960388035518,0.5012986424655883,0.7509727186354641,0.16352056104045815,0.41356498468865516,0.36966577342608054,0.6790403387114277,0.31410156498345215,0.6521617558792286,0.5787390168601607,0.8490497205764606,"item bootstrap, 3000 replicates","two-way random-effects ICC; icc_2_* columns are absolute agreement, icc_c_* columns are consistency; plotted statistic is average-measure consistency ICC(C,k) across three experts",source-specific expert worksheet rows,quality_score_5
MAS,50,3,0.03177449429677358,1.1304473850031176,0.008191299203992362,0.20419684134576319,0.43495688142152955,0.4897138462524131,0.7422052062422873,0.14190277056538936,0.2606463180689008,0.33159874083805396,0.513996409356117,0.38126595571875155,0.5902089173260373,0.648951579105506,0.8120584613226026,"item bootstrap, 3000 replicates","two-way random-effects ICC; icc_2_* columns are absolute agreement, icc_c_* columns are consistency; plotted statistic is average-measure consistency ICC(C,k) across three experts",source-specific expert worksheet rows,quality_score_5
