panel_order,panel,n_mas,n_human,mas_mean,mas_sd,human_mean,human_sd,mean_difference_mas_minus_human,mas_ks_statistic,mas_ks_p_value,human_ks_statistic,human_ks_p_value,normal_by_ks,comparison_method,test_statistic,p_value,significance_label
1,Overall,50,50,0.6043999999999999,0.1323748542617378,0.6187999999999999,0.13543037973476277,-0.014399999999999968,0.11312076339788313,0.5083149192316914,0.12033427485884254,0.4303021182649577,True,Welch t-test,-0.5376692084554646,0.5920249538014428,n.s.
2,Main campus,32,32,0.5775,0.10144122722367452,0.619375,0.1300604698071309,-0.041874999999999996,0.09973314852522353,0.8767797258382194,0.1458338520419541,0.46103636646633295,True,Welch t-test,-1.4361409841390578,0.15628583084558123,n.s.
3,Non-main campus,18,18,0.6522222222222224,0.1672108762137888,0.6177777777777778,0.1483856484084454,0.03444444444444461,0.16710130882080748,0.6369561475535357,0.16251169594691384,0.6700639720044255,True,Welch t-test,0.6536826620591595,0.5177749602211584,n.s.
