source_true,cognitive_level,cognitive_level_label,n_items,mean_difficulty,sd_difficulty,mean_discrimination,sd_discrimination
MAS,recall,Knowledge,7,0.7085714285714287,0.22326580357864712,0.18566941933752426,0.18005287202072828
Human,recall,Knowledge,7,0.7428571428571428,0.16509737386507045,0.2867046893726485,0.15059290703531847
MAS,comprehension,Comprehension,3,0.58,0.163707055437449,0.2621317780802111,0.19951173400505662
Human,comprehension,Comprehension,3,0.6866666666666665,0.061101009266077866,0.375054766909194,0.17827948190489415
MAS,application,Application,18,0.6677777777777778,0.21256294723198518,0.258911248372949,0.14332463856997327
Human,application,Application,18,0.6688888888888889,0.24333199032667255,0.28368746248760546,0.15559075968162905
MAS,analysis,Analysis,22,0.5227272727272727,0.27201508743488434,0.23882189408706936,0.1917832178042774
Human,analysis,Analysis,22,0.5290909090909092,0.29164409312769746,0.2536875693379643,0.19335230312954077
