source_true,blueprint_cognitive_level,n_items,mean_difficulty,sd_difficulty,mean_discrimination,sd_discrimination
Human,analysis,22,0.5290909090909092,0.29164409312769746,0.2662337662337662,0.1710054559876961
Human,application,18,0.6688888888888889,0.24333199032667255,0.3055555555555556,0.1545732528270307
Human,comprehension,3,0.6866666666666666,0.061101009266077894,0.35714285714285715,0.3273268353539886
Human,recall,7,0.7428571428571429,0.16509737386507048,0.37755102040816324,0.21710167887391763
MAS,analysis,22,0.5227272727272727,0.2720150874348844,0.31168831168831174,0.18904066353847354
MAS,application,18,0.6677777777777778,0.21256294723198516,0.32539682539682535,0.20087178279335893
MAS,comprehension,3,0.58,0.163707055437449,0.28571428571428564,0.25753937681885636
MAS,recall,7,0.7085714285714285,0.22326580357864712,0.20408163265306123,0.19530445197218493
