source_true,cognitive_level,cognitive_level_label,n_items,raw_mean,raw_sd,model_estimate,model_se,ci_low,ci_high
MAS,recall,Knowledge,7,4.3022774327122155,0.0697203239771542,4.302277432712214,0.054525274574951085,4.193884774280094,4.4106700911443335
Human,recall,Knowledge,7,4.144927536231884,0.14001330189555006,4.1449275362318705,0.054525274574951,4.036534877799751,4.25332019466399
MAS,comprehension,Comprehension,3,4.434782608695652,0.06641414050660667,4.434782608695652,0.0832887326759882,4.269210088014757,4.600355129376547
Human,comprehension,Comprehension,3,4.434782608695652,0.03834422189948665,4.434782608695655,0.08328873267598819,4.26921008801476,4.60035512937655
MAS,application,Application,18,4.466183574879228,0.09196300942424392,4.466183574879224,0.03400248272987389,4.398588876363457,4.533778273394992
Human,application,Application,18,4.336553945249597,0.13278693368738206,4.336553945249599,0.03400248272987388,4.268959246733831,4.4041486437653665
MAS,analysis,Analysis,16,4.426630434782608,0.10369748358537623,4.426630434782593,0.036065079173208406,4.3549354302434535,4.498325439321733
Human,analysis,Analysis,22,4.480237154150198,0.22107735157186723,4.480237154150194,0.030756402860599358,4.41909544884274,4.541378859457647
