student_id,form,training_setting,Human,MAS,mas_minus_human
S001,A,main,68.0,66.0,-2.0
S002,A,main,54.0,52.0,-2.0
S003,A,main,50.0,38.0,-12.0
S004,A,main,42.0,46.0,4.0
S005,A,main,64.0,56.00000000000001,-7.999999999999993
S006,A,main,54.0,60.0,6.0
S007,A,main,60.0,52.0,-8.0
S008,A,main,68.0,62.0,-6.0
S009,A,main,74.0,56.00000000000001,-17.999999999999993
S010,A,main,64.0,68.0,4.0
S011,A,main,54.0,48.0,-6.0
S012,A,main,70.0,68.0,-2.0
S013,A,non_main,68.0,52.0,-16.0
S014,A,main,76.0,72.0,-4.0
S015,A,non_main,54.0,57.99999999999999,3.999999999999993
S016,A,non_main,57.99999999999999,52.0,-5.999999999999993
S017,A,non_main,50.0,34.0,-16.0
S018,A,non_main,57.99999999999999,57.99999999999999,0.0
S019,A,non_main,60.0,54.0,-6.0
S020,A,non_main,68.0,64.0,-4.0
S021,A,main,56.00000000000001,54.0,-2.000000000000007
S022,A,main,44.0,42.0,-2.0
S023,A,non_main,74.0,88.0,14.0
S024,A,non_main,70.0,88.0,18.0
S025,A,non_main,70.0,84.0,14.0
S026,B,main,72.0,62.0,-10.0
S027,B,main,64.0,64.0,0.0
S028,B,main,82.0,80.0,-2.0
S029,B,non_main,80.0,86.0,6.0
S030,B,non_main,60.0,68.0,8.0
S031,B,non_main,32.0,56.00000000000001,24.000000000000007
S032,B,non_main,30.0,46.0,16.0
S033,B,main,72.0,66.0,-6.0
S034,B,main,82.0,78.0,-4.0
S035,B,non_main,78.0,82.0,4.0
S036,B,non_main,76.0,76.0,0.0
S037,B,non_main,78.0,80.0,2.0
S038,B,main,56.00000000000001,52.0,-4.000000000000007
S039,B,non_main,48.0,48.0,0.0
S040,B,main,57.99999999999999,57.99999999999999,0.0
S041,B,main,66.0,46.0,-20.0
S042,B,main,57.99999999999999,50.0,-7.999999999999993
S043,B,main,22.0,46.0,24.0
S044,B,main,64.0,62.0,-2.0
S045,B,main,56.00000000000001,54.0,-2.000000000000007
S046,B,main,60.0,50.0,-10.0
S047,B,main,82.0,66.0,-16.0
S048,B,main,82.0,68.0,-14.0
S049,B,main,54.0,50.0,-4.0
S050,B,main,54.0,56.00000000000001,2.000000000000007
