form,n_students,mean_minutes,sd_minutes,welch_p_value_form_a_vs_b
A,25,36.705999999999996,14.631890494548012,0.8809649875530351
B,25,37.36066666666667,16.081870169484276,0.8809649875530351
